Postal Code,Title,Latitude,Longitude,Number of Victim Fatalities,Total Number of Fatalities,Number of Victims Injured,Total Number of Victims,Description,year
AL,Wetumpka Drive-by                                               ,32.5,-86.2,2,2,2,4,"Shooter fired 12 rounds from a semi-automatic handgun that left two dead and two critically injured in a Saturday afternoon drive-by in Wetumpka, Alabama.                                                                                                                                                                                                                                                                                                                                                                                                ",2016
AL,Birmingham's Washington Park                                    ,33.5,-86.8,1,1,2,3,"On February 27, 2015, the online Facebook brawl between two groups of friends spilled out into the streets with a planned videotaped fight.  After the melee ensued, two teenage males pulled out guns and started shooting at the girls. The shots killed 14-year-old girl and wounded two others.                                                                                                                                                                                                                                                       ",2015
AL,Alabama highway random shooting                                 ,34.2,-86.5,0,1,4,4,"Shooter fired from his car at two different locations along a highway in rural Alabama. He didn't injure any at the first shootout, but injured four at the second. He was killed by police.                                                                                                                                                                                                                                                                                                                                                              ",2016
AL,Ensley Birmingham                                               ,33.5,-86.8,5,5,0,5,"Three teenagers attempted to rob a house in the early morning of January 29, 2012. Five people were in the house playing cards, and each was shot to death in the back of the head; four of their bodies were found naked in bedroom, and one had been shot 12 times.                                                                                                                                                                                                                                                                                     ",2012
AZ,Tucson                                                          ,32.2,-111,4,5,0,4,"On May 12, 2015, the man gunned down four of his family members, including his 17-year-old niece, before fatally shooting himself in a murder-suicide.                                                                                                                                                                                                                                                                                                                                                                                                    ",2015
AZ,University of Arizona College of Nursing                        ,32.2,-111,3,4,0,3,"On October 28, 2002, a 41-year-old nursing student failing out of his classes University of Arizona College of Nursing in Tucson, Arizona arrived on campus and shot three of his professors, killing them all, before committing suicide.                                                                                                                                                                                                                                                                                                                ",2002
AZ,Wat Promkunaram Buddhist Temple                                 ,33.6,-112.1,9,9,0,9,"On the evening on August 9, 1991, two high school students in the Air Force ROTC program entered a Buddhist monastery intending to steal cameras, golden religious paraphernalia and cash from the monks. After looting the monastery and holding the monks hostage, the boys decided to shoot and kill all nine occupants of the house to leave no witnesses of their crime.                                                                                                                                                                             ",1991
AZ,Arizona Family Murder                                           ,33.4,-112.1,4,5,0,4,Son shot his parents and two sisters in their Phoenix home. Police arrive because the house was on fire. Police shot and killed the shooter.                                                                                                                                                                                                                                                                                                                                                                                                              ,2016
AR,Westside Middle School                                          ,35.8,-90.7,5,5,10,15,"On March 24, 1998, a 13-year-old boy stole his mother's car that he and an 11-year-old cousin had loaded with guns and ammunition. When they arrived to Westside Middle School in Jonesboro, Arkansas, the younger boy pulled the fire alarm and met the elder on a hill overlooking the evacuation meeting site. They boys then began shooting at the crowd, killing four students and a teacher and wounding ten others before being arrested.                                                                                                          ",1998
CA,Santana High School                                             ,32.9,-117.1,2,2,13,15,"On March 5, 2001, a 15-year-old student of Santana High School in San Diego, California arrived to school and began shooting at his fellow classmates. Two students were killed and thirteen others were wounded before the shooter was taken into custody.                                                                                                                                                                                                                                                                                               ",2001
CA,Orange Glenn Post Office                                        ,33.1,-117.1,3,4,1,4,"On August 10, 1989, a 52-year-old ""model"" postal worker murdered his wife in their home before arriving to work at the Orange Glen Post Office in Escondido, California. He then shot and killed two co-workers and injured another before taking the gun to his own head, dying later in a hospital.                                                                                                                                                                                                                                                     ",1989
CA,Cal State Fullerton                                             ,33.9,-117.9,7,7,2,9,"On July 12, 1976, a 37-year-old custodian at California State University in Fullerton open fired in the library's first-floor lobby and at the building's Instructional Media Center killing seven people and wounding two others.                                                                                                                                                                                                                                                                                                                        ",1976
CA,"Covina, California                                              ",34.1,-117.9,9,10,2,11,"On December 24, 2008, a 45-year-old man entered his brother's residence in Covina, California while dressed in a Santa Claus costume. He then opened fire on his family and ex-wife, killing several before setting the house ablaze. He committed suicide with a gunshot wound to the head. Nine victims died in the incident and two of the wounded escaped the fire.                                                                                                                                                                                   ",2008
CA,San Francisco Tenderloin                                        ,37.8,-122.4,0,0,8,8,"On the evening of March 23, 2014, the shooters were arguing with a crowd outside of a club, which prompted them to retrieve arms from their car for the attack. Eight people were wounded by the attack, and there were no fatalities. The shooters were later apprehended.                                                                                                                                                                                                                                                                               ",2014
CA,Cleveland Elementary School                                     ,38,-121.3,5,6,30,35,"On January 17, 1989, an unemployed 24-year-old man arrived to Cleveland Elementary School in Stockton, California. He set his car on fire in the parking lot, before entering the school to begin shooting. The shooter killed five students and injured thirty others including a teacher, before killing himself.                                                                                                                                                                                                                                       ",1989
CA,Riverside City Hall                                             ,33.9,-117.4,0,0,6,6,"On October 6, 1998, a 48-year-old U.S. Postal Service employee entered a conference room at City Hall in Riverside, California and began shooting. He wounded the mayor, two council members and three police officers before being shot by police and taken into custody.                                                                                                                                                                                                                                                                                ",1998
CA,Isla Vista                                                      ,34.4,-119.9,3,7,7,10,"On the evening of May 23, 2014, a 22-year-old student and resident of Isla Vista stabbed two roommates and their friend to death in his apartment. He then drove to a sorority house in Isla Vista and attempted to enter the premises to no avail, and began shooting at a neighboring sorority's members, killing two and wounding another. He continued shooting between altercations with police throughout Isla Vista, killing another male student and wounding six more before committing suicide.                                                 ",2014
CA,Electromagnetic Systems Laboratory (ESL)                        ,37.4,-122,7,7,4,11,"On February 16, 1988, a 39-year-old man arrived at his former workplace, ESL in Sunnyvale, California, and began shooting his ex-coworkers in the parking lot. After shooting through the security mechanisms on the doors of the facility, he opened fire on office equipment and employees, including a female colleague that issued a restraining order against the shooter about a week prior. The incident ended with seven fatalities and four injuries, the female coworker among the injured.                                                     ",1988
CA,San Diego State University                                      ,32.9,-117.1,3,3,0,3,"On August 15, 1996, a 36-year-old mechanical engineering graduate student at San Diego State University in San Diego, California was set to defend his Master's thesis for the second time. Instead, he pulled a gun he had stashed in a first aid kit in the room and shot twenty-three rounds into the three professors witnessing his defense, killing all three. He was found and arrested in the room, where he had planned to commit suicide but could not do it.                                                                                   ",1996
CA,Cedarville Rancheria Tribe                                      ,41.5,-120.5,4,4,2,6,"On February 20, 2014, a 44-year old woman went to a tribe eviction meeting where she killed three family members and a worker. After running out of ammunition, the shooter grabbed a butcher knife and stabbed another person.                                                                                                                                                                                                                                                                                                                           ",2014
CO,"Colorado Springs, Colorado                                      ",38.9,-104.8,3,3,9,12,"On Friday of November 27, 2015, the shooter opened fire inside a Planned Parenthood clinic in Colorado Springs. Three people were killed and nine others were hurt. The shooter surrendered to officers after a five-hour ordeal Friday in which he fired randomly at people in the clinic and roamed the halls shooting through walls with an assault-style rifle.                                                                                                                                                                                       ",2015
CO,Chuck E. Cheese in Aurora                                       ,39.7,-104.8,4,4,1,5,"On December 14, 1993, a 19-year-old fired Chuck E. Cheese's employee in Aurora, Colorado visited his former workplace and waited until closing to confront his ex-coworkers. He then opened fire, killing three teenaged employees, one 50-year-old employee, and wounding another before being arrested.                                                                                                                                                                                                                                                 ",1993
CT,Hartford Beer Distributors                                      ,41.8,-72.5,8,9,2,10,"On August 3, 2010, a 34-year old man was called into his place of employment at Hartford Beer Distributors in Manchester, Connecticut for disciplinary purposes. He signed resignation papers after he was accused of stealing beer and while he was been escorted out of the building, he opened fire killing eight coworkers and injuring two others before committing suicide.                                                                                                                                                                         ",2010
DE,"Wilmington, DE robbery                                          ",39.7,-75.5,0,1,4,5,"Two men forcefully entered a house, and started shooting the people inside. One of the robbers was killed. Four other people injured.                                                                                                                                                                                                                                                                                                                                                                                                                     ",2016
FL,Pinellas Park High School                                       ,27.8,-82.7,1,1,2,3,"On February 11, 1988, two students age 15 and 16 were confronted by school personnel regarding firearms they had stolen and carried on campus. The shooting began after the staff attempted to physically restrain the students, and ended with an assistant principal killed and two others injured.                                                                                                                                                                                                                                                     ",1988
FL,Moon Lake                                                       ,28.2,-82.7,3,3,1,4,"Early morning on Feb. 9, 2015 two shooters with significant criminal records entered a house Moon Lake and shot the four residents of the house. Three of the victims were killed and the fourth was injured and escaped the house after the shooters left. The shooters escaped and were arrested a week later.                                                                                                                                                                                                                                          ",2015
FL,"Tampa, FL Strip club shooting                                   ",28,-82.5,2,2,6,8,"Fighting broke out in a strip club when an unknown shooter starting firing. One person died on the scene, and one died later. Six were injured.                                                                                                                                                                                                                                                                                                                                                                                                           ",2016
FL,"Jacksonville, Florida                                           ",30.3,-81.7,3,4,1,4,"On Friday of November 13, 2015,The former military member walked into his Northside, Florida, home and shot his girlfriend, their twin babies, and girlfriend's father before shooting himself. The shooter had a history of domestic violence.                                                                                                                                                                                                                                                                                                           ",2015
FL,Palm Bay Shopping Centers                                       ,28,-80.7,6,6,14,20,"On April 23, 1987, a 59-year-old retired librarian in Palm Bay, Florida began a shooting spree in his neighborhood, where he shot and injured several of his neighbors. He continued the shooting at two local shopping centers, killing a total of four civilians and two police officers, and injuring nine others.                                                                                                                                                                                                                                     ",1987
FL,GMAC Loan Office                                                ,30.3,-81.7,11,12,6,17,"After fatally shooting a man and woman and wounding two teenage boys, the 42-year-old gunman robbed a convenience store at gunpoint on June 17, 1990. The next day, the shooter opened fire at the General Motors Acceptance Corporation car loan office in Jacksonville, Florida, killing seven employees and a customer and injuring four others before turning the gun on himself.                                                                                                                                                                     ",1990
FL,"Inglis, Florida                                                 ",29,-82.7,2,3,1,3,"A man 57-year-old man shot and killed his wife, injured her boyfriend, and killed a Good Samaritan 68-year-old man as he rushed to protect children who were playing near the town hall before taking his life. The shooter's couple had been married for 35 years when they separated, and the shooter's wife had left her husband for her new boyfriend.                                                                                                                                                                                                ",2015
GA,"Roswell, GA Hookah shootout                                     ",34,-84.4,0,0,4,4,"Altercation in a hookah bar led a group of seven people to leave in a mini-van. They were followed. When the car stopped, the shooter fired upon the car. Four of the seven sustained non-life-threatening injuries.                                                                                                                                                                                                                                                                                                                                      ",2016
GA,Clarkesville                                                    ,34.6,-83.5,2,3,2,4,"On February 22, 2015, A former police officer fatally shot his ex-wife and her friend, then wounded a local sheriff and a deputy at his ex-wife's home on Sunday before he was killed by the return fire from law enforcement.                                                                                                                                                                                                                                                                                                                            ",2015
GA,Hill Haven Event Center (Formerly Club CJ's)                    ,33,-84.7,0,0,10,10,A shooting at a club in Meriwether Co. early Sunday injured 10 people after witnesses say gun fire was exchanged that stemmed from alleged illegal gambling.                                                                                                                                                                                                                                                                                                                                                                                              ,2015
GA,Atlanta Post Office                                             ,33.8,-84.4,2,2,1,3,"On March 6, 1985, a 30-year-old employee at the Atlanta Post Office, opened fire in the mail sorting area killing two of his coworkers and wounding a third one before he was subdue by other postal workers.                                                                                                                                                                                                                                                                                                                                             ",1985
GA,LaGrange                                                        ,33,-85,5,5,0,5,"On January 28, 2015, in a Georgia home, a man shot three family members and one friend, and strangled his daughter in law. All five died. He left town with the family's dog, and police arrested him several days later.                                                                                                                                                                                                                                                                                                                                 ",2015
GA,Offices of All-Tech Investment Group and Momentum Securities    ,33.8,-84.4,9,10,12,21,"On July 29, 1999, after murdering his wife and children in their home in Atlanta, Georgia over the prior two days, a 44-year-old day trader entered a stock exchange office, killing four and moving on to another office, where he killed an additional five and wounded twelve. He was pursued by police until he committed suicide at a gas station.                                                                                                                                                                                                   ",1999
IL,River Forest                                                    ,41.9,-87.8,1,2,3,4,Two people including the shooter are dead and three others were wounded following what began as a domestic violence incident in River Forest on Sunday morning. Two police officers were among those wounded by gunfire in the incident.                                                                                                                                                                                                                                                                                                                  ,2015
IL,Village of Manchester in Illinois                               ,39.5,-90.3,6,7,1,7,"On April 24, 2013, a 43-year old man traveled to the home of his former partner's family in Manchester, Illinois. He shot and killed three adults (one  of them pregnant), a boy, and an infant, all members of the same family. There was a third child who, after shooting her, the shooter took to a neighbor's house; she survived the incident. The shooter was then chased by the police by car. The car chase resulted in a shootout between the two. The shooter was shot and killed by the police.                                               ",2013
IL,Club Maxey's                                                    ,39.9,-88.9,1,1,4,5,"On May 25, 2015, the shooter was attending a rap concert at a venue called Club Maxey Monday when he and the victim got into an altercation.  The four other people were wounded.                                                                                                                                                                                                                                                                                                                                                                         ",2015
IL,Chicago Birthday Party Bus Shooting                             ,41.9,-87.6,0,0,5,5,Birthday party bus was dropping off party goers in South Shore Chicago when someone on the street started shooting at them. The bus driver drove off quickly protecting the targets. Unknown motivation. No suspects.                                                                                                                                                                                                                                                                                                                                     ,2016
IA,University of Iowa                                              ,41.7,-91.5,5,6,1,6,"On November 1, 1991, a 28-year-old astrophysics researcher opened fire on academics at a meeting at the University of Iowa in Iowa City. The shooter fatally wounded three professors on his dissertation committee, an academic affairs officer, and the researcher who received the award he felt he deserved, and as well as paralyzing a student employee before committing suicide.                                                                                                                                                                  ",1991
KS,Kansas City Home Invasion                                       ,39.1,-94.6,4,4,0,4,"Shooter killed four people at his next door neighbors house. He fled the scene, but was captured the next day, hiding in a ditch. It is seen as a random act.                                                                                                                                                                                                                                                                                                                                                                                             ",2016
KY,"Louisville, KY Family Murder-Suicide                            ",38.3,-85.8,3,4,0,3,Husband murders his wife and two children before committing suicide at their Kentucky home                                                                                                                                                                                                                                                                                                                                                                                                                                                                ,2016
KY,Atlantis Plastics                                               ,37.8,-87.6,6,7,1,7,"On June 25, 2008, a 25-year-old factory worker at Atlantis Plastics in Henderson, Kentucky had been reprimanded by a supervisor and escorted out of his workplace. He returned with a gun and began shooting, killing his supervisor, five employees and wounded a sixth before committing suicide.                                                                                                                                                                                                                                                       ",2008
LA,New Orleans Downtown Post Office                                ,30.1,-89.9,0,0,4,4,"On December 14, 1988, a 39-year-old post office employee entered the main post office in downtown New Orleans, Louisiana, where he worked with a shotgun. He took his ex-girlfriend as a hostage and was able to hold off police and FBI agents for 13 hours until he surrendered. He injured three co-workers and one FBI agent.                                                                                                                                                                                                                         ",1988
LA,New Orleans gas station shoot-out                               ,30,-90.1,0,0,3,3,"Altercation broke out at a gas station in New Orleans, when the shooter shot and injured 3 people. One of the victims returned fire and injured the instigator.                                                                                                                                                                                                                                                                                                                                                                                           ",2016
ME,"Oakland, Maine                                                  ",44.5,-69.7,3,4,0,3,"A gunman shot his girlfriend,  his girlfriend's sister and her boyfriend to death in a Central Maine apartment building, leaving a young girl unharmed on the first floor before turning the weapon on himself. They all shared the brown clapboard home, which was divided into two apartments. The gunman and his girlfriend lived in the upstairs room of the apartment while the two other victims (his girlfriend's sister and her boyfriend) lived in the downstairs with their 3 year old daughter. All three victims were found on first floor.   ",2015
MA,Massachusetts Abortion Clinic                                   ,42.3,-71.1,2,2,5,7,"On December 30, 1994 a man entered a Planned Parenthood clinic, shot and killed the receptionist, and opened fire in the clinic, wounding three others. Several minutes later he entered a Preterm Health Services clinic and shot three people, killing one.                                                                                                                                                                                                                                                                                             ",1994
MA,"Chelsea, MA empty apartment party shooting                      ",42.4,-71,1,1,6,7,"Shooter fired upon party of ~50 people at an empty apartment in Chelsea, MA. 1 dead. 6 wounded. Shooters step brother was among those shot                                                                                                                                                                                                                                                                                                                                                                                                                ",2016
MI,Royal Oak Post Office                                           ,42.5,-83.2,4,5,5,9,"On November 14, 1991, a 31-year old former postal worker opened fire at the post office in Royal Oak, Michigan, his former workplace. He killed his four supervisors and wounded five co-workers before committing suicide.                                                                                                                                                                                                                                                                                                                               ",1991
MI,South Middle School Football Game                               ,43.4,-84,0,0,4,4,"On October 25, 2007, a 15-year-old student arrived at a football game at South Middle School in Saginaw, Michigan looking for his brother. He then ran into other students with which he had an ongoing confrontation and began shooting, wounding four before fleeing the scene. He was later arrested and charged with assault with intent to murder                                                                                                                                                                                                    ",2007
MI,Detroit Strip Club Shootout                                     ,42.3,-83,0,0,5,5,"Man apparently inappropriately touched a stripper. He was asked to leave. He waited outside, then shot the stripper and four other people.                                                                                                                                                                                                                                                                                                                                                                                                                ",2016
MN,Accent Signage Systems in Minneapolis                           ,45,-93.3,6,7,2,8,"On September 27, 2012, a 36-year old man recently fired at Accent Signage Systems in Minneapolis, went into the firm's building killing six people and injuring two others. The gunman then turned the gun on himself.                                                                                                                                                                                                                                                                                                                                    ",2012
MN,"Minneapolis, Minnesota                                          ",45,-93.3,0,0,5,5,"Five protesters were shot late Monday night near the Black Lives Matter encampment. A group of white supremacists showed up at the protest, and when about a dozen protesters attempted to herd the group away from the area, they opened fire on the protesters. Protesters have been camping out in front of the 4th Precinct since Nov. 15                                                                                                                                                                                                             ",2015
MS,"Iuka, Mississippi                                               ",34.7,-88.1,1,2,3,4,"Law enforcement officers in northeastern Mississippi stormed a house Saturday after an hours-long standoff with a gunman holed up inside, leading to a shootout that left one officer dead and three others wounded.The standoff started Friday afternoon when authorities responded to a domestic dispute call at the home near Iuka. But the man, holed up in his home with his wife and 10-year-old daughter, refused to come out, sparking the standoff with officers outside. The man suspected of firing on the officers was also killed.           ",2016
MO,Tyrone                                                          ,37.2,-91.9,7,8,1,8,"Late night on February 26, a man entered the home of two of his cousins and shot them. Their daughter escaped the home and called the police. The shooter proceeded to four other nearby residences, killing two more of his cousins and three other acquaintances. The shooter then drove to another county and killed himself in his car. The shooter's mother, who lived with the shooter, was found dead from lung cancer in her home.                                                                                                                ",2015
MT,Fergus County High School                                       ,47,-109.5,1,1,3,4,"On December 4, 1986, a 14-year-old student at Fergus County High School in Lewistown, Montana, disgruntled with his grades, fatally shot a teacher and wounded a vice principal and two students as he fled. He was arrested at his home an hour later.                                                                                                                                                                                                                                                                                                   ",1986
NE,"Omaha, Nebraska                                                 ",41.3,-96.1,2,2,3,5,A woman and her two year old daughter were shot and killed Sunday. Three other women are still fighting for their lives following the shooting.  The suspect turned himself into police on Tuesday morning.                                                                                                                                                                                                                                                                                                                                               ,2015
NV,Sparks Middle School                                            ,39.5,-119.7,1,2,2,3,"On October 21, 2013, a 12-year old student at Sparks Middle School in Nevada, shot and injured two students and killed a teacher before killing himself.                                                                                                                                                                                                                                                                                                                                                                                                  ",2013
NV,Nellis Plaza                                                    ,36.2,-115.3,3,5,0,3,"On the afternoon of June 8, 2014, a man and his wife approached two police officers having lunch in Las Vegas and began shooting, killing them both. The couple then fled to Walmart, where they killed an armed civilian attempting to stop the shooters. The man was killed by police and the woman killed herself at the Walmart.                                                                                                                                                                                                                      ",2014
NJ,Ridgewood Post Office                                           ,41,-74.1,3,3,0,3,"On October 10, 1991, a 35-year old former postal clerk, apparently seeking revenge for his dismissal, killed his former supervisor with sword and shot her boyfriend at their home. Then entered the post office where he used to work in Ridgewood, New Jersey, and killed two of his former co-workers. After a four-hour standoff with police, the shooter was arrested. Before leaving his apartment, the shooter rigged a homemade bomb of explosives to his front door.                                                                             ",1991
NM,South Valley Residence                                          ,35.2,-106.8,5,5,0,5,"On January 19, 2013, a 15-year old homeschooled student shot and killed his mother and three younger siblings in their residential home in South Valley, New Mexico. The shooter then waited up five hours for his father, a former pastor, to arrive home. When the father got home, the son shot him several times and killed him. Apparently, he was planning to go on a killing spree afterwards. Instead he went to church and was later arrested.                                                                                                   ",2013
NM,"Albuquerque, NM House party shooting                            ",35.1,-106.6,0,0,4,4,A Man shot four uninvited party guests who would not leave the party hosted by the shooter. He started firing when they broke windows and started kicking in the door.                                                                                                                                                                                                                                                                                                                                                                                    ,2016
NY,Mohawk and Herkimer Villages in New York                        ,43,-75,4,5,2,6,"On March 13, 2013, an unemployed 64-year old man set his apartment on fire in Mohawk village, New York, before he went into a local barbershop and shot four people, killing two and wounding two others. Afterwards, the shooter drove to Herkimer village, where he shot and killed to other people at a local car servicing business. After the rampage, he holed up in an abandoned building where he had a standoff with police for 18 hours until he was shot and killed.                                                                           ",2013
NY,Gates Pub                                                       ,43.2,-77.7,1,1,6,7,"On early Saturday morning of April 25, the man opened fire inside the Gates Pub. Seven people were shot, one of them was killed.                                                                                                                                                                                                                                                                                                                                                                                                                          ",2015
NY,Long Island Rail Road Commuter Train                            ,40.7,-73.6,6,6,19,25,"On December 7, 1993, a 34-year-old mentally unstable man boarded a Lond Island Rail Road commuter train headed to Nassau County in New York. He began shooting in the train car, killing six and wounding nineteen before being apprehended by three passengers in the train.                                                                                                                                                                                                                                                                             ",1993
NC,Charlotte                                                       ,35.2,-80.8,3,3,0,3,"On February 24, 2015, ""America's Next Top Model"" contestant was killed in a triple homicide at her boyfriend's home.                                                                                                                                                                                                                                                                                                                                                                                                                                      ",2015
NC,"King, North Carolina                                            ",36.3,-80.4,3,4,0,3,"A Couple and their sons were found shot to death in their mobile home on Wednesday, February 4. 2015. All four family members were found shot in the head. The shooter shot his wife and two boys before killing himself.                                                                                                                                                                                                                                                                                                                                 ",2015
NC,Pinelake Health and Rehab nursing home                          ,35.3,-79.4,8,8,2,10,"On March 29, 2009, a 45-year old man opened fire at the Pinelake Health and Rehab nursing home in Carthage, North Carolina, where his estranged wife worked. The shooter killed eight people and wounded another two before being shot and arrested by a police officer. His ex-wife, the apparent main target, survived the shooting unharmed by hiding in the Alzheimer ward of the building, which was secured by passcode-protected doors.                                                                                                            ",2009
NC,Orange High School                                              ,36,-79.1,1,1,2,3,"On August 30, 2006, a 18-year old former student at Orange High School in Hillsborough, North Carolina returned to the school to open fire on students and teachers having lunch outside, injuring two students. The student was apprehended outside the school and he confessed that he had previously killed his own father at their family home.                                                                                                                                                                                                       ",2006
OH,Youngstown State University                                     ,41.1,-80.6,1,1,11,12,"On February 6, 2011, two 19-year old man and a 22-year old man were involved in an argument over a girl in a fraternity house party in Youngstown State University in Ohio. A dispute ensued and one man was thrown out of the party and the other followed. They returned sometime later and began spraying bullets into the crowd, killing one student and injuring eleven others.                                                                                                                                                                      ",2011
OH,SuccessTech Academy                                             ,41.5,-81.7,0,1,4,4,"On October 11, 2007, a 14-year-old student of SuccessTech Academy in Cleveland, Ohio arrived at school two days after he had been suspended for getting into a fist-fight with another student. He then began shooting at students and teachers, injuring four during the incident and committing suicide.                                                                                                                                                                                                                                                ",2007
OH,Wickliffe Middle School                                         ,41.6,-81.5,1,1,3,4,"On November 7, 1994, a 37-year-old man approached the Wickliffe Middle School in Wickliffe, Ohio and shot, killing a custodian. He then wounded a school administrator, a teacher and a police officer before being detained by the police.                                                                                                                                                                                                                                                                                                               ",1994
OK,Fort Gibson Middle School                                       ,35.8,-95.3,0,0,4,4,"On December 6, 1999, a 13-year-old student at Fort Gibson Middle School in Fort Gibson, Oklahoma opened fire on his classmates for no apparent reason, wounding four before being stopped by a teacher and taken into custody.                                                                                                                                                                                                                                                                                                                            ",1999
OR,Clackamas Town Center                                           ,45.4,-122.5,2,3,1,3,"On December 11, 2012, an unemployed 22-year old run into Clackamas Town Center, a shopping center outside the City of Portland, Oregon. The gunman opened fire on shoppers and employees killing two people and seriously wounding a third person before committing suicide.                                                                                                                                                                                                                                                                              ",2012
OR,Thurston High School                                            ,44.1,-123,4,4,25,29,"On May 21, 1998, a 15-year-old student at Thurston High School in Springfield, Oregon arrived on campus the day after killing both his parents with firearms in their home. He began shooting at the students, killing two and wounding twenty-five others before being arrested.                                                                                                                                                                                                                                                                         ",1998
PA,Ross Township Supervisor Council Meeting                        ,39.8,-79.1,3,3,3,6,"On August 5, 2013, an unemployed 59-year old man went to Ross Township's monthly meeting in Salisbury, Pennsylvania, killing three people and injuring four more. The shooter was later restrained and shot in the leg by civilians at the scene. He had been forced to vacate his property of 20 years and had been living out of his car and in abandoned buildings ever since.                                                                                                                                                                         ",2013
PA,Monroeville Macy's                                              ,40.4,-79.8,0,0,3,3,"On the evening of Feb. 7, 2015, a teenager entered Macy's at the Monroeville Mall, approached a man and spoke briefly with him. Then he shot him and two bystanders. The shooter left the scene, but was arrested the next morning.                                                                                                                                                                                                                                                                                                                       ",2015
SC,Oakland Elementary School                                       ,34.2,-82.2,2,2,9,11,"On September 26, 1988, an unemployed 19-year-old man entered the Oakland Elementary School in Greenwood, South Carolina. He was arrested after killing two 8-year-old girls and injuring seven other students and two teachers. He was later found ""guilty but mentally ill.""                                                                                                                                                                                                                                                                             ",1988
SC,Johnston Post Office                                            ,33.8,-81.8,1,1,3,4,"On August 19, 1983, a 55-year-old former postal worker went into the Johnston Post Office in South Carolina three months after he had resigned. He killed the local postmaster and wounded three others. It was the last day at work for the postmaster.                                                                                                                                                                                                                                                                                                  ",1983
TN,Memphis                                                         ,35.1,-90,0,0,5,5,"On Jan. 1, 2015, 25 people were on a party bus that was shot at by people in two vehicles that followed the bus. At least one of these men had been in a verbal argument with one of the bus' passengers at a club where the party bus had stopped just before the shooting.                                                                                                                                                                                                                                                                              ",2015
TN,"Memphis, TN gas station shooting                                ",35.1,-90,0,0,4,4,Four people were shot below the waist at a gas station after an altercation broke out at a gas station.                                                                                                                                                                                                                                                                                                                                                                                                                                                   ,2016
TN,"Roadside in Memphis, Tennessee                                  ",35.1,-90,1,1,3,4,A woman flagged down a car to help her with her car troubles at the side of the road. An 18-year-old got out to help. The two suspects got out of another car and fired on the scene.                                                                                                                                                                                                                                                                                                                                                                     ,2016
TX,Ianni's Club in Dallas                                          ,32.8,-96.8,6,6,1,7,"On June 29, 1984, a 39-year-old man who was rejected by a dance partner at Ianni's Dance Club in Dallas, Texas, left the club and returned with a semiautomatic pistol killing the woman and five other patrons and seriously wounded a seventh person.                                                                                                                                                                                                                                                                                                   ",1984
TX,"Tennessee Colony, Texas                                         ",31.8,-95.8,6,6,0,6,"On Sunday of November 15, 2015, six people are dead after a weekend homicide at a private campsite. The bodies of a man and woman were found in a travel trailer. The bodies of four males, who were initially considered missing, were later recovered about 1:15 p.m. Monday in a pond on the suspect's residence.                                                                                                                                                                                                                                      ",2015
TX,Fort Hood                                                       ,31.1,-97.7,3,4,16,19,"On April 2, 2014, a 34-year-old Army Specialist began shooting at Fort Hood where he was stationed. He killed 3 military personnel and wounded 16 others before committing suicide.                                                                                                                                                                                                                                                                                                                                                                       ",2014
TX,Homes in Desoto and Dallas                                      ,32.8,-96.8,4,4,4,8,"On August 7, 2013, a 44-year old former special education teacher allegedly went on a murder spree in the Dallas area, killing four people, including his ex-wife and estranged girlfriend, and wounding four others. Once police arrived at the second home, the shooter after running out of ammunition, reportedly pretended he was one of the victims and appeared catatonic.                                                                                                                                                                         ",2013
TX,"Luby's Cafeteria in Killeen, Texas                              ",31.1,-97.7,23,24,20,43,"On October 16, 1991, a 35-year old unemployed seaman drove his truck through a window at Luby's Cafeteria in Killeen, Texas. He then opened fire, killing twenty-three people and wounding twenty before turning the gun on himself.                                                                                                                                                                                                                                                                                                                      ",1991
TX,Fort Hood Army Base                                             ,31.1,-97.8,13,13,32,45,"On November 5, 2009, a 39-year old U.S. Army psychiatrist fatally shot thirteen people and injured thirty-two at Fort Hood Army Base located in Killeen, Texas. He was shot and wounded by another soldier and arrested as he fell unconscious.                                                                                                                                                                                                                                                                                                           ",2009
UT,Weber State University                                          ,41.2,-112,0,1,3,3,"On July 8, 1993, a 28-year old student shot and injured three people at a grievance hearing at Weber State University in Odgen, Utah. One of the injured was a State police officer who was able to shoot back, killing the perpetrator.                                                                                                                                                                                                                                                                                                                  ",1993
VA,"Chesapeake, VA Family Murder Suicide                            ",36.8,-76.3,5,6,0,5,"26-year-old killed his Mother, Father, Grandmother, brother, and sister before killing himself in the home of his Grandmother.                                                                                                                                                                                                                                                                                                                                                                                                                            ",2016
VA,"Chesapeake, Virginia                                            ",36.8,-76.3,5,6,0,5,"A Virginia man shot his brother dead in their family home, then killed four other relatives in a nearby house before turning the gun on himself Wednesday. He killed his brother in their house around 3:35 p.m. He then went to the house belonging to his grandmother and murdered more relatives ? father, mother, sister, and an unidentified female.                                                                                                                                                                                                 ",2016
VA,"Halifax County, VA                                              ",36.8,-78.9,0,0,6,6,"Male shooter fired into crown when a deputy police tried, unsuccessfully to stop him. The deputy fired on the shooter and inured him.                                                                                                                                                                                                                                                                                                                                                                                                                     ",2016
WA,Wah Mee Club in Seattle                                         ,47.6,-122.3,13,13,1,14,"On February 18, 1983, three man between the ages of 22 and 24 entered the Wah Mee gambling club in Seattle, Washington, shooting fourteen people. Thirteen victims lost their lives, but one survived to testify.                                                                                                                                                                                                                                                                                                                                         ",1983
WA,Frontier Junior High School                                     ,47.1,-119.3,3,3,1,4,"On February 2, 1996, a 14-year-old student walked into his algebra class at Frontier Junior High School in Moses Lake, Washington shooting and killing his teacher before killing two students, one who had bullied him, and wounding another student in the arm. He then held the class hostage and was tackled and held by a teacher until he was apprehended by police.                                                                                                                                                                                ",1996
WA,St. Aloysius Church                                             ,47.7,-117.4,1,2,4,5,"On November 11, 1971, a former MIT student entered St. Aloysius Roman Catholic Church on the Gonzaga University campus. The shooter killed the caretaker and wounded four more people before he was killed by police.                                                                                                                                                                                                                                                                                                                                     ",1971
WA,Parkland Coffee Shop                                            ,47.2,-122.5,4,5,0,4,"On November 29, 2009, a 37-year old convicted felon who was out on bail, entered a coffee shop in Lakewood, Washington. The gunman shot and killed four off-duty police officers who had gone there to use their laptops before their shifts. After a two-day manhunt, the gunman was shot and killed by a police officer in south Seattle.                                                                                                                                                                                                               ",2009
WA,Marysville-Pilchuck High School                                 ,48,-122.1,4,5,1,5,"On October 24, 2014, a freshman at Marysville-Pilchuck High School approached a table of his friends in the school cafeteria and a verbal fight ensued. The student then pulled out a handgun and fired at the students at the table. He injured five students, killed 1 girl, and then committed suicide by shooting himself in the head. Three of the four injured students died in the hospital in the following days.                                                                                                                                 ",2014
WI,Sikh Temple in Wisconsin                                        ,42.9,-87.9,6,7,4,10,"On August 5, 2012, a 40-year old US Army veteran and white supremacist opened fire in a Sikh Temple in Oak Creek, Wisconsin fatally shooting six people and wounded four others. The shooter took his life by shooting himself after he was shot in the stomach by a responding police officer. His girlfriend had broken up with him very recently.                                                                                                                                                                                                      ",2012
WI,"Apartment in Crandon, Wisconsin                                 ",45.6,-88.9,6,7,1,7,"In the early hours of October 7, 2007, a 20-year-old off-duty sheriff's deputy at a homecoming after party opened fire on houseguests possibly after a dispute with his girlfriend. He killed six and wounded another before fleeing the scene and committing suicide.                                                                                                                                                                                                                                                                                    ",2007
WI,Living Church of God                                            ,43.1,-88.1,7,8,4,11,"On March 12, 2005, a 44-year-old computer technician about to lose his job in Brookfield, Wisconsin opened fire on a congregation at the Living Church of God, killing the minister, six others and wounding four more before committing suicide.                                                                                                                                                                                                                                                                                                         ",2005
